Quarter,Bedfordshire_total_vehicles,Bedfordshire_EVs,Bedfordshire_historic_percent_EV,Berkshire_total_vehicles,Berkshire_EVs,Berkshire_historic_percent_EV,Bristol_total_vehicles,Bristol_EVs,Bristol_historic_percent_EV,Buckinghamshire_total_vehicles,Buckinghamshire_EVs,Buckinghamshire_historic_percent_EV,Cambridgeshire_total_vehicles,Cambridgeshire_EVs,Cambridgeshire_historic_percent_EV,Cheshire_total_vehicles,Cheshire_EVs,Cheshire_historic_percent_EV,City of London_total_vehicles,City of London_EVs,City of London_historic_percent_EV,Cornwall_total_vehicles,Cornwall_EVs,Cornwall_historic_percent_EV,County Durham_total_vehicles,County Durham_EVs,County Durham_historic_percent_EV,Cumbria_total_vehicles,Cumbria_EVs,Cumbria_historic_percent_EV,Derbyshire_total_vehicles,Derbyshire_EVs,Derbyshire_historic_percent_EV,Devon_total_vehicles,Devon_EVs,Devon_historic_percent_EV,Dorset_total_vehicles,Dorset_EVs,Dorset_historic_percent_EV,East Riding of Yorkshire_total_vehicles,East Riding of Yorkshire_EVs,East Riding of Yorkshire_historic_percent_EV,East Sussex_total_vehicles,East Sussex_EVs,East Sussex_historic_percent_EV,Essex_total_vehicles,Essex_EVs,Essex_historic_percent_EV,Gloucestershire_total_vehicles,Gloucestershire_EVs,Gloucestershire_historic_percent_EV,Greater London_total_vehicles,Greater London_EVs,Greater London_historic_percent_EV,Greater Manchester_total_vehicles,Greater Manchester_EVs,Greater Manchester_historic_percent_EV,Hampshire_total_vehicles,Hampshire_EVs,Hampshire_historic_percent_EV,Herefordshire_total_vehicles,Herefordshire_EVs,Herefordshire_historic_percent_EV,Hertfordshire_total_vehicles,Hertfordshire_EVs,Hertfordshire_historic_percent_EV,Isle of Wight_total_vehicles,Isle of Wight_EVs,Isle of Wight_historic_percent_EV,Kent_total_vehicles,Kent_EVs,Kent_historic_percent_EV,Lancashire_total_vehicles,Lancashire_EVs,Lancashire_historic_percent_EV,Leicestershire_total_vehicles,Leicestershire_EVs,Leicestershire_historic_percent_EV,Lincolnshire_total_vehicles,Lincolnshire_EVs,Lincolnshire_historic_percent_EV,Merseyside_total_vehicles,Merseyside_EVs,Merseyside_historic_percent_EV,Norfolk_total_vehicles,Norfolk_EVs,Norfolk_historic_percent_EV,North Yorkshire_total_vehicles,North Yorkshire_EVs,North Yorkshire_historic_percent_EV,Northamptonshire_total_vehicles,Northamptonshire_EVs,Northamptonshire_historic_percent_EV,Northumberland_total_vehicles,Northumberland_EVs,Northumberland_historic_percent_EV,Nottinghamshire_total_vehicles,Nottinghamshire_EVs,Nottinghamshire_historic_percent_EV,Oxfordshire_total_vehicles,Oxfordshire_EVs,Oxfordshire_historic_percent_EV,Rutland_total_vehicles,Rutland_EVs,Rutland_historic_percent_EV,Shropshire_total_vehicles,Shropshire_EVs,Shropshire_historic_percent_EV,Somerset_total_vehicles,Somerset_EVs,Somerset_historic_percent_EV,South Yorkshire_total_vehicles,South Yorkshire_EVs,South Yorkshire_historic_percent_EV,Staffordshire_total_vehicles,Staffordshire_EVs,Staffordshire_historic_percent_EV,Suffolk_total_vehicles,Suffolk_EVs,Suffolk_historic_percent_EV,Surrey_total_vehicles,Surrey_EVs,Surrey_historic_percent_EV,Tyne and Wear_total_vehicles,Tyne and Wear_EVs,Tyne and Wear_historic_percent_EV,UK_total_vehicles,UK_EVs,UK_historic_percent_EV,Warwickshire_total_vehicles,Warwickshire_EVs,Warwickshire_historic_percent_EV,West Midlands_total_vehicles,West Midlands_EVs,West Midlands_historic_percent_EV,West Sussex_total_vehicles,West Sussex_EVs,West Sussex_historic_percent_EV,West Yorkshire_total_vehicles,West Yorkshire_EVs,West Yorkshire_historic_percent_EV,Wiltshire_total_vehicles,Wiltshire_EVs,Wiltshire_historic_percent_EV,Worcestershire_total_vehicles,Worcestershire_EVs,Worcestershire_historic_percent_EV
2011 Q4,651369,83,0.00013,898170,230,0.00026,335772,31,0.00009,1195426,169,0.00014,671815,134,0.0002,944063,94,0.0001,18565,10,0.00054,361911,102,0.00028,605587,108,0.00018,343616,14,0.00004,931870,93,0.0001,801657,131,0.00016,582628,97,0.00017,370848,35,0.00009,543578,86,0.00016,1316150,160,0.00012,873184,177,0.0002,3409296,2036,0.0006,1398596,252,0.00018,1408643,1475,0.00105,234819,24,0.0001,958337,99,0.0001,83370,11,0.00013,1091835,143,0.00013,1072952,112,0.0001,840616,255,0.0003,819926,77,0.00009,806693,195,0.00024,643909,70,0.00011,980225,157,0.00016,628544,72,0.00011,266538,89,0.00033,813757,82,0.0001,556152,148,0.00027,62194,7,0.00011,461585,33,0.00007,775692,122,0.00016,845239,144,0.00017,1090575,137,0.00013,656590,81,0.00012,1221701,231,0.00019,559757,139,0.00025,34228438,9924,0.00029,928411,97,0.0001,1820793,409,0.00022,673509,71,0.00011,1195661,112,0.00009,744151,182,0.00024,679901,85,0.00013
2012 Q1,652561,229,0.00035,903516,235,0.00026,337859,31,0.00009,1205813,176,0.00015,673098,136,0.0002,947974,101,0.00011,18533,10,0.00054,363006,110,0.0003,608538,83,0.00014,344142,15,0.00004,934967,84,0.00009,802848,135,0.00017,584578,103,0.00018,372204,35,0.00009,544889,85,0.00016,1319712,157,0.00012,882750,174,0.0002,3410470,1978,0.00058,1402365,250,0.00018,1418730,1387,0.00098,235492,26,0.00011,961820,97,0.0001,83448,10,0.00012,1094734,150,0.00014,1072605,125,0.00012,843627,259,0.00031,823853,77,0.00009,807938,196,0.00024,645043,80,0.00012,982768,163,0.00017,630544,75,0.00012,267371,91,0.00034,816472,82,0.0001,559919,189,0.00034,62477,6,0.0001,463152,31,0.00007,776195,122,0.00016,849113,140,0.00016,1091932,137,0.00013,657615,82,0.00012,1228896,235,0.00019,560495,157,0.00028,34347069,10214,0.0003,933034,96,0.0001,1816692,409,0.00023,675587,76,0.00011,1194979,120,0.0001,745049,192,0.00026,683084,79,0.00012
2012 Q2,657202,244,0.00037,914051,255,0.00028,341548,35,0.0001,1222937,179,0.00015,678767,141,0.00021,954227,98,0.0001,18439,15,0.00081,366459,117,0.00032,610858,89,0.00015,346849,16,0.00005,942365,91,0.0001,809770,132,0.00016,589484,114,0.00019,377880,37,0.0001,549297,79,0.00014,1328719,157,0.00012,891450,171,0.00019,3422391,1971,0.00058,1406459,268,0.00019,1432236,1304,0.00091,238039,27,0.00011,967455,88,0.00009,84062,16,0.00019,1103801,148,0.00013,1077937,137,0.00013,859534,260,0.0003,835315,79,0.00009,809933,202,0.00025,651530,77,0.00012,990832,156,0.00016,635517,79,0.00012,269068,89,0.00033,823687,82,0.0001,566102,216,0.00038,63069,8,0.00013,467800,33,0.00007,782907,123,0.00016,856701,125,0.00015,1098502,140,0.00013,664534,91,0.00014,1239208,241,0.00019,562860,178,0.00032,34590726,10522,0.0003,939554,50,0.00005,1816418,447,0.00025,680743,78,0.00011,1202705,130,0.00011,749391,204,0.00027,689078,159,0.00023
2012 Q3,661462,240,0.00036,915445,260,0.00028,351315,37,0.00011,1233627,201,0.00016,682393,150,0.00022,959049,105,0.00011,18258,15,0.00082,368364,132,0.00036,613003,85,0.00014,348033,15,0.00004,948121,93,0.0001,815220,123,0.00015,592505,118,0.0002,375962,32,0.00009,552717,86,0.00016,1336498,158,0.00012,904070,168,0.00019,3427076,1947,0.00057,1413892,270,0.00019,1438970,1206,0.00084,239228,28,0.00012,972944,91,0.00009,84445,18,0.00021,1110761,153,0.00014,1082553,136,0.00013,860162,261,0.0003,837223,79,0.00009,812970,213,0.00026,655771,78,0.00012,995801,165,0.00017,639725,78,0.00012,270499,90,0.00033,829659,82,0.0001,569234,216,0.00038,63489,8,0.00013,470570,42,0.00009,786162,118,0.00015,856470,130,0.00015,1104833,138,0.00012,669339,95,0.00014,1244223,236,0.00019,565965,173,0.00031,34722311,10513,0.0003,949929,52,0.00005,1817403,454,0.00025,683827,80,0.00012,1209676,130,0.00011,753974,257,0.00034,693156,176,0.00025
2012 Q4,657348,103,0.00016,918547,276,0.0003,352776,39,0.00011,1230907,212,0.00017,677469,152,0.00022,951622,114,0.00012,18130,14,0.00077,365215,143,0.00039,607810,86,0.00014,344337,15,0.00004,937839,93,0.0001,809534,126,0.00016,587670,129,0.00022,371788,35,0.00009,548377,88,0.00016,1327726,170,0.00013,899560,171,0.00019,3406025,1966,0.00058,1403622,270,0.00019,1438298,1149,0.0008,237380,30,0.00013,968826,97,0.0001,83805,18,0.00021,1102997,155,0.00014,1073338,140,0.00013,847714,266,0.00031,828510,81,0.0001,807618,216,0.00027,650200,77,0.00012,985925,164,0.00017,635670,194,0.00031,267835,90,0.00034,823307,85,0.0001,564085,104,0.00018,63140,6,0.0001,467035,45,0.0001,779583,119,0.00015,848368,129,0.00015,1091779,140,0.00013,663310,106,0.00016,1239301,252,0.0002,561152,190,0.00034,34522149,11034,0.00032,944078,48,0.00005,1799308,506,0.00028,678683,84,0.00012,1200072,141,0.00012,749227,311,0.00042,689506,365,0.00053
2013 Q1,657608,101,0.00015,926430,269,0.00029,358939,35,0.0001,1239426,222,0.00018,676776,146,0.00022,952099,125,0.00013,18061,17,0.00094,365030,165,0.00045,608900,89,0.00015,344414,16,0.00005,978188,87,0.00009,808439,129,0.00016,587375,141,0.00024,371744,35,0.00009,547508,95,0.00017,1328819,178,0.00013,903497,174,0.00019,3405109,1974,0.00058,1404922,277,0.0002,1449061,1103,0.00076,236583,30,0.00013,970191,101,0.0001,83505,17,0.0002,1102165,164,0.00015,1072514,144,0.00013,852912,260,0.0003,827268,85,0.0001,807152,221,0.00027,648547,78,0.00012,985931,172,0.00017,635656,201,0.00032,267458,90,0.00034,824084,89,0.00011,566409,106,0.00019,62998,5,0.00008,466968,47,0.0001,777400,118,0.00015,848116,128,0.00015,1087280,134,0.00012,662802,108,0.00016,1242532,254,0.0002,558312,198,0.00035,34569042,11257,0.00033,938739,53,0.00006,1793196,542,0.0003,678596,91,0.00013,1200537,140,0.00012,750039,423,0.00056,690173,362,0.00052
2013 Q2,665261,96,0.00014,940156,275,0.00029,365958,38,0.0001,1260688,225,0.00018,685056,142,0.00021,962568,149,0.00015,17968,16,0.00089,369993,195,0.00053,616309,98,0.00016,349242,19,0.00005,994270,107,0.00011,820968,136,0.00017,594691,154,0.00026,377218,42,0.00011,554010,94,0.00017,1344892,187,0.00014,918415,174,0.00019,3435700,2002,0.00058,1419394,323,0.00023,1470805,1049,0.00071,240510,32,0.00013,980840,112,0.00011,84766,20,0.00024,1117666,180,0.00016,1085104,156,0.00014,875932,268,0.00031,841643,101,0.00012,813657,253,0.00031,658398,88,0.00013,1000510,185,0.00018,646511,186,0.00029,271073,95,0.00035,836560,94,0.00011,574278,118,0.00021,64091,1,0.00002,474405,54,0.00011,788664,125,0.00016,860191,89,0.0001,1101657,150,0.00014,673049,120,0.00018,1258819,250,0.0002,564401,201,0.00036,34975138,11892,0.00034,917258,63,0.00007,1812509,568,0.00031,686652,101,0.00015,1215472,155,0.00013,760583,497,0.00065,700538,405,0.00058
2013 Q3,668935,107,0.00016,935982,300,0.00032,370156,44,0.00012,1263229,223,0.00018,688150,159,0.00023,966664,149,0.00015,17993,17,0.00094,372619,215,0.00058,620752,111,0.00018,350575,27,0.00008,998123,105,0.00011,826809,147,0.00018,597585,146,0.00024,380850,46,0.00012,557730,104,0.00019,1352494,198,0.00015,926607,183,0.0002,3443186,2020,0.00059,1425163,385,0.00027,1470243,873,0.00059,241528,33,0.00014,987081,116,0.00012,85080,23,0.00027,1124217,193,0.00017,1087904,168,0.00015,872810,264,0.0003,848141,102,0.00012,817594,307,0.00038,661931,94,0.00014,1005643,189,0.00019,650860,175,0.00027,272233,100,0.00037,842499,94,0.00011,575405,114,0.0002,64618,5,0.00008,477414,58,0.00012,792870,136,0.00017,866868,88,0.0001,1106928,159,0.00014,677174,127,0.00019,1258404,271,0.00022,565773,198,0.00035,35054098,12256,0.00035,876748,66,0.00008,1776467,578,0.00033,690315,115,0.00017,1189823,158,0.00013,763679,547,0.00072,703492,540,0.00077
2013 Q4,664482,114,0.00017,935792,315,0.00034,370207,50,0.00014,1259699,250,0.0002,775729,167,0.00022,960128,165,0.00017,17941,16,0.00089,369134,233,0.00063,616594,117,0.00019,347230,30,0.00009,993147,108,0.00011,821386,154,0.00019,592751,149,0.00025,377194,49,0.00013,553907,115,0.00021,1342893,206,0.00015,921520,192,0.00021,3427479,2103,0.00061,1420308,398,0.00028,1465217,874,0.0006,238858,31,0.00013,983693,131,0.00013,84373,27,0.00032,1116804,206,0.00018,1080872,171,0.00016,863363,265,0.00031,838741,102,0.00012,814197,309,0.00038,655249,97,0.00015,995945,192,0.00019,645512,163,0.00025,269381,65,0.00024,835567,108,0.00013,570544,138,0.00024,63987,5,0.00008,473642,63,0.00013,786510,139,0.00018,859529,192,0.00022,1098475,174,0.00016,671364,133,0.0002,1256804,284,0.00023,561516,208,0.00037,34970220,12889,0.00037,861962,74,0.00009,1762778,594,0.00034,686422,125,0.00018,1178444,239,0.0002,761018,595,0.00078,697703,500,0.00072
2014 Q1,670131,110,0.00016,942513,371,0.00039,375694,79,0.00021,1279305,286,0.00022,782699,242,0.00031,966466,180,0.00019,17999,15,0.00083,371424,243,0.00065,621159,131,0.00021,349883,42,0.00012,994547,114,0.00011,822986,169,0.00021,596269,168,0.00028,380458,52,0.00014,557816,125,0.00022,1352597,233,0.00017,929578,194,0.00021,3447778,2215,0.00064,1429376,442,0.00031,1473271,900,0.00061,240199,33,0.00014,989921,161,0.00016,84648,28,0.00033,1124682,228,0.0002,1088161,191,0.00018,873753,264,0.0003,847522,119,0.00014,818765,318,0.00039,659803,102,0.00015,1003056,208,0.00021,653383,171,0.00026,271274,83,0.00031,842038,132,0.00016,574196,156,0.00027,64422,5,0.00008,477590,66,0.00014,791923,161,0.0002,866615,224,0.00026,1105903,186,0.00017,675991,144,0.00021,1262456,293,0.00023,566001,232,0.00041,35230664,14107,0.0004,868138,76,0.00009,1783035,631,0.00035,691498,137,0.0002,1186817,258,0.00022,769126,676,0.00088,702732,550,0.00078
2014 Q2,680676,126,0.00019,952372,415,0.00044,382407,92,0.00024,1302646,286,0.00022,793777,352,0.00044,979216,199,0.0002,18079,19,0.00105,378464,254,0.00067,629302,149,0.00024,354842,52,0.00015,1009874,150,0.00015,836310,192,0.00023,605019,192,0.00032,385908,54,0.00014,565527,144,0.00025,1371706,258,0.00019,944373,208,0.00022,3487660,2351,0.00067,1444874,513,0.00036,1494265,914,0.00061,244286,36,0.00015,1003330,199,0.0002,86246,26,0.0003,1142151,246,0.00022,1100767,232,0.00021,897054,290,0.00032,862779,128,0.00015,827350,320,0.00039,671215,114,0.00017,1017553,224,0.00022,664748,189,0.00028,275361,86,0.00031,855491,146,0.00017,582811,172,0.0003,65463,5,0.00008,485592,69,0.00014,805174,175,0.00022,879138,243,0.00028,1122363,206,0.00018,687790,153,0.00022,1281790,328,0.00026,572510,283,0.00049,35735860,15513,0.00043,878067,97,0.00011,1801734,661,0.00037,700451,138,0.0002,1201461,290,0.00024,773368,709,0.00092,714226,625,0.00088
2014 Q3,682833,211,0.00031,955462,501,0.00052,387068,114,0.00029,1307658,339,0.00026,798461,433,0.00054,980013,226,0.00023,18131,23,0.00127,379264,261,0.00069,630585,200,0.00032,354745,58,0.00016,1012685,173,0.00017,838389,220,0.00026,604972,219,0.00036,387116,57,0.00015,567637,175,0.00031,1374446,310,0.00023,949881,220,0.00023,3491102,2529,0.00072,1448471,618,0.00043,1496255,940,0.00063,244070,42,0.00017,1006260,240,0.00024,86339,28,0.00032,1144815,330,0.00029,1102415,265,0.00024,890590,303,0.00034,863067,165,0.00019,829977,317,0.00038,672169,146,0.00022,1018987,245,0.00024,665789,218,0.00033,276089,111,0.0004,855992,170,0.0002,584908,229,0.00039,65710,6,0.00009,486148,82,0.00017,807427,204,0.00025,881341,267,0.0003,1124325,235,0.00021,687271,187,0.00027,1280246,370,0.00029,574119,347,0.0006,36922049,17455,0.00047,883243,107,0.00012,1810139,715,0.00039,703068,156,0.00022,1204480,312,0.00026,791371,753,0.00095,715125,663,0.00093
2014 Q4,683396,295,0.00043,952984,562,0.00059,388748,128,0.00033,1308069,344,0.00026,802133,525,0.00065,977403,250,0.00026,18161,26,0.00143,377782,270,0.00071,629865,253,0.0004,353220,77,0.00022,1008792,194,0.00019,835178,234,0.00028,603534,227,0.00038,385293,69,0.00018,564956,192,0.00034,1374304,355,0.00026,948455,252,0.00027,3482879,2720,0.00078,1448396,670,0.00046,1499382,1044,0.0007,242643,51,0.00021,1005269,294,0.00029,85768,30,0.00035,1139951,368,0.00032,1100360,305,0.00028,888780,315,0.00035,858271,167,0.00019,829654,336,0.0004,669043,189,0.00028,1014396,255,0.00025,663821,244,0.00037,275067,152,0.00055,853031,211,0.00025,585990,250,0.00043,65523,8,0.00012,484791,107,0.00022,804569,231,0.00029,878189,305,0.00035,1118986,260,0.00023,685160,204,0.0003,1280193,428,0.00033,573391,431,0.00075,36646441,19251,0.00053,879957,128,0.00015,1813315,780,0.00043,700492,173,0.00025,1202142,345,0.00029,795244,757,0.00095,711829,632,0.00089
2015 Q1,692197,379,0.00055,961688,644,0.00067,396486,155,0.00039,1325335,396,0.0003,815145,636,0.00078,982198,285,0.00029,18068,27,0.00149,379170,291,0.00077,631869,303,0.00048,354863,92,0.00026,1014918,201,0.0002,836202,257,0.00031,605735,250,0.00041,387407,86,0.00022,567017,226,0.0004,1381307,402,0.00029,958906,262,0.00027,3504312,3012,0.00086,1457050,781,0.00054,1505868,1060,0.0007,243427,55,0.00023,1011883,359,0.00035,85968,38,0.00044,1145996,450,0.00039,1106069,344,0.00031,896984,366,0.00041,863563,183,0.00021,833758,375,0.00045,671639,204,0.0003,1018750,269,0.00026,670173,259,0.00039,276001,184,0.00067,856086,251,0.00029,591116,270,0.00046,65908,10,0.00015,488040,137,0.00028,808413,255,0.00032,882359,363,0.00041,1124620,309,0.00027,689245,223,0.00032,1283798,473,0.00037,576469,524,0.00091,36835945,21498,0.00058,891898,146,0.00016,1833621,844,0.00046,704330,212,0.0003,1208402,402,0.00033,802369,747,0.00093,716613,515,0.00072
2015 Q2,702708,485,0.00069,971921,740,0.00076,402333,159,0.0004,1351260,433,0.00032,830344,708,0.00085,991827,330,0.00033,18296,28,0.00153,384398,312,0.00081,638186,355,0.00056,359186,103,0.00029,1029242,242,0.00024,848203,298,0.00035,613267,273,0.00045,392146,90,0.00023,574285,249,0.00043,1397709,475,0.00034,972793,283,0.00029,3536204,3309,0.00094,1468658,814,0.00055,1547293,1060,0.00069,247162,56,0.00023,1021387,435,0.00043,87190,39,0.00045,1160064,490,0.00042,1116193,436,0.00039,917385,348,0.00038,873970,199,0.00023,840002,406,0.00048,679944,222,0.00033,1032105,296,0.00029,679242,299,0.00044,279672,206,0.00074,867530,290,0.00033,599183,263,0.00044,66980,10,0.00015,475145,149,0.00031,819259,283,0.00035,891314,354,0.0004,1139351,382,0.00034,698481,239,0.00034,1320324,495,0.00037,583023,584,0.001,37281132,23348,0.00063,904072,164,0.00018,1856728,884,0.00048,712979,246,0.00035,1221701,461,0.00038,816874,742,0.00091,727886,451,0.00062
2015 Q3,710153,597,0.00084,970945,861,0.00089,406474,174,0.00043,1361583,491,0.00036,841372,781,0.00093,995764,381,0.00038,18576,29,0.00156,387162,326,0.00084,640344,404,0.00063,360528,124,0.00034,1034578,279,0.00027,856146,327,0.00038,617044,297,0.00048,395389,95,0.00024,577123,274,0.00047,1404494,536,0.00038,979649,322,0.00033,3548486,3632,0.00102,1477060,889,0.0006,1552462,1043,0.00067,248470,68,0.00027,1026781,496,0.00048,87909,43,0.00049,1168320,547,0.00047,1121697,495,0.00044,916085,375,0.00041,880374,226,0.00026,843548,442,0.00052,684870,246,0.00036,1038374,319,0.00031,684357,307,0.00045,281401,222,0.00079,872624,334,0.00038,604013,288,0.00048,67537,10,0.00015,477718,159,0.00033,825682,311,0.00038,894114,356,0.0004,1145105,400,0.00035,703243,247,0.00035,1322626,578,0.00044,586440,626,0.00107,37559952,25487,0.00068,912860,190,0.00021,1873153,921,0.00049,717449,267,0.00037,1229514,550,0.00045,827858,804,0.00097,730944,414,0.00057
2015 Q4,709670,743,0.00105,971949,1007,0.00104,406264,178,0.00044,1363017,578,0.00042,842249,898,0.00107,992455,446,0.00045,18571,40,0.00215,385964,350,0.00091,636603,428,0.00067,357319,140,0.00039,1029840,310,0.0003,851725,349,0.00041,614023,333,0.00054,393174,108,0.00027,576151,322,0.00056,1402267,605,0.00043,976845,371,0.00038,3542738,3966,0.00112,1475181,972,0.00066,1544888,1076,0.0007,247129,71,0.00029,1025489,559,0.00055,87412,49,0.00056,1164733,627,0.00054,1117149,559,0.0005,911005,407,0.00045,872933,243,0.00028,840865,496,0.00059,681485,273,0.0004,1031649,345,0.00033,680022,318,0.00047,279770,236,0.00084,868173,381,0.00044,600957,321,0.00053,67423,15,0.00022,474565,171,0.00036,823823,337,0.00041,889106,405,0.00046,1139535,437,0.00038,700303,281,0.0004,1314606,673,0.00051,583360,680,0.00117,37509543,28260,0.00075,909467,200,0.00022,1875388,1007,0.00054,716189,315,0.00044,1233272,660,0.00054,831075,827,0.001,726956,391,0.00054
2016 Q1,721178,939,0.0013,993315,1171,0.00118,413971,196,0.00047,1396113,653,0.00047,857341,1038,0.00121,1000553,517,0.00052,18514,41,0.00221,387945,364,0.00094,641283,461,0.00072,360433,161,0.00045,1039397,344,0.00033,857490,395,0.00046,618260,368,0.0006,399295,113,0.00028,579429,358,0.00062,1414204,678,0.00048,987275,421,0.00043,3570785,4341,0.00122,1487491,1065,0.00072,1562749,1127,0.00072,248448,79,0.00032,1034015,645,0.00062,87694,55,0.00063,1172300,714,0.00061,1126921,635,0.00056,922189,428,0.00046,884136,289,0.00033,849207,551,0.00065,686667,300,0.00044,1039926,387,0.00037,688568,309,0.00045,282012,259,0.00092,875153,418,0.00048,605061,352,0.00058,67799,17,0.00025,478322,188,0.00039,828861,386,0.00047,899461,454,0.0005,1149222,463,0.0004,705605,314,0.00045,1328275,760,0.00057,589316,715,0.00121,37741918,31286,0.00083,922573,251,0.00027,1907041,1115,0.00058,720608,368,0.00051,1247463,707,0.00057,841746,813,0.00097,733949,379,0.00052
2016 Q2,730028,1073,0.00147,1010038,1138,0.00113,415497,196,0.00047,1423073,761,0.00053,868695,1144,0.00132,1007330,573,0.00057,18524,56,0.00302,392332,372,0.00095,644946,487,0.00076,363804,164,0.00045,1043730,395,0.00038,866645,427,0.00049,623770,401,0.00064,402999,122,0.0003,583718,375,0.00064,1423885,738,0.00052,975578,438,0.00045,3587448,4501,0.00125,1495042,1052,0.0007,1575645,1187,0.00075,251429,82,0.00033,1040273,708,0.00068,88784,58,0.00065,1182853,755,0.00064,1133996,669,0.00059,932793,429,0.00046,893233,297,0.00033,852660,555,0.00065,694468,314,0.00045,1048988,392,0.00037,696562,326,0.00047,285000,272,0.00095,883377,467,0.00053,609801,398,0.00065,68554,21,0.00031,482980,203,0.00042,836931,429,0.00051,906664,489,0.00054,1158927,484,0.00042,713363,329,0.00046,1336316,814,0.00061,593319,764,0.00129,38114981,33093,0.00087,928726,286,0.00031,1923193,1212,0.00063,727378,398,0.00055,1272873,777,0.00061,848596,770,0.00091,741327,406,0.00055
2016 Q3,736112,1266,0.00172,1007918,1206,0.0012,418530,208,0.0005,1430915,868,0.00061,880887,1280,0.00145,1011722,636,0.00063,18736,59,0.00315,395163,396,0.001,647373,500,0.00077,365550,166,0.00045,1048984,434,0.00041,873489,454,0.00052,627200,456,0.00073,404771,133,0.00033,586878,422,0.00072,1429396,811,0.00057,983578,508,0.00052,3593649,4836,0.00135,1476794,1056,0.00072,1584832,1247,0.00079,253399,90,0.00036,1044299,777,0.00074,89577,67,0.00075,1189827,826,0.00069,1137889,718,0.00063,929343,436,0.00047,897501,321,0.00036,857614,564,0.00066,698934,325,0.00046,1054139,424,0.0004,700716,353,0.0005,287080,275,0.00096,888769,503,0.00057,613550,423,0.00069,68886,22,0.00032,485469,228,0.00047,842268,486,0.00058,910502,493,0.00054,1164573,517,0.00044,717303,347,0.00048,1342130,904,0.00067,596651,766,0.00128,38440125,35902,0.00093,933907,336,0.00036,1939442,1330,0.00069,732071,433,0.00059,1279985,871,0.00068,882154,761,0.00086,747143,439,0.00059
2016 Q4,735070,1324,0.0018,1003004,1285,0.00128,421397,219,0.00052,1435859,961,0.00067,881582,1369,0.00155,1008943,681,0.00067,18789,60,0.00319,393442,409,0.00104,643582,504,0.00078,363854,187,0.00051,1047944,467,0.00045,870184,467,0.00054,625202,492,0.00079,402193,147,0.00037,584981,442,0.00076,1426163,849,0.0006,984251,557,0.00057,3589078,5202,0.00145,1477187,1084,0.00073,1581757,1250,0.00079,251906,95,0.00038,1043001,852,0.00082,88959,70,0.00079,1185897,880,0.00074,1137666,766,0.00067,926896,470,0.00051,891447,332,0.00037,857102,581,0.00068,695804,337,0.00048,1048382,435,0.00041,698968,364,0.00052,285559,292,0.00102,886415,537,0.00061,614245,460,0.00075,68786,20,0.00029,482877,225,0.00047,840004,529,0.00063,907081,468,0.00052,1160530,537,0.00046,712389,381,0.00053,1337506,946,0.00071,595269,749,0.00126,38318042,37916,0.00099,926898,343,0.00037,1946590,1379,0.00071,730133,471,0.00065,1278376,890,0.0007,886878,760,0.00086,745263,453,0.00061
2017 Q1,742089,1531,0.00206,995335,1371,0.00138,428959,252,0.00059,1454070,1077,0.00074,886551,1512,0.00171,1013220,774,0.00076,18937,62,0.00327,395689,452,0.00114,645411,524,0.00081,366124,210,0.00057,1055353,501,0.00047,877585,516,0.00059,628268,557,0.00089,405213,169,0.00042,587496,491,0.00084,1433156,930,0.00065,1017146,638,0.00063,3599368,5807,0.00161,1484395,1173,0.00079,1576305,1386,0.00088,253120,98,0.00039,1047882,1002,0.00096,89450,76,0.00085,1191102,1016,0.00085,1145708,868,0.00076,935983,514,0.00055,897581,382,0.00043,861046,630,0.00073,698841,380,0.00054,1054066,481,0.00046,704717,387,0.00055,287678,309,0.00107,892076,594,0.00067,617347,495,0.0008,69103,23,0.00033,485190,243,0.0005,844341,570,0.00068,914300,540,0.00059,1170269,581,0.0005,715674,414,0.00058,1343262,1061,0.00079,598860,773,0.00129,38602307,42056,0.00109,931718,424,0.00046,1970611,1535,0.00078,734532,534,0.00073,1288697,972,0.00075,892019,770,0.00086,749935,546,0.00073
2017 Q2,748085,1617,0.00216,1001494,1428,0.00143,428426,273,0.00064,1473792,1168,0.00079,891028,1620,0.00182,1021334,822,0.0008,18629,43,0.00231,400566,458,0.00114,651071,528,0.00081,370535,206,0.00056,1064853,530,0.0005,885983,553,0.00062,634195,603,0.00095,410304,174,0.00042,591959,542,0.00092,1441350,994,0.00069,1027570,708,0.00069,3608650,6289,0.00174,1491746,1236,0.00083,1588552,1460,0.00092,256525,109,0.00042,1054183,1087,0.00103,90418,84,0.00093,1201177,1103,0.00092,1155012,902,0.00078,958673,552,0.00058,908577,400,0.00044,866011,661,0.00076,707471,413,0.00058,1065274,504,0.00047,712376,419,0.00059,290913,326,0.00112,901254,637,0.00071,623015,542,0.00087,69681,26,0.00037,490352,253,0.00052,852786,617,0.00072,922579,545,0.00059,1181551,608,0.00051,723766,443,0.00061,1351812,1146,0.00085,603408,802,0.00133,38912472,44851,0.00115,937063,541,0.00058,1983572,1652,0.00083,741079,579,0.00078,1301051,1050,0.00081,897127,770,0.00086,758503,613,0.00081
2017 Q3,751752,1811,0.00241,993144,1495,0.00151,429133,268,0.00062,1477979,1375,0.00093,894512,1700,0.0019,1026420,896,0.00087,18800,46,0.00245,403050,485,0.0012,654609,528,0.00081,371021,215,0.00058,1070572,557,0.00052,893252,617,0.00069,636617,653,0.00103,413408,193,0.00047,594109,581,0.00098,1444849,1069,0.00074,1035413,802,0.00077,3606402,6975,0.00193,1500785,1303,0.00087,1587512,1612,0.00102,257533,120,0.00047,1057145,1246,0.00118,90915,92,0.00101,1206599,1184,0.00098,1161020,962,0.00083,955827,586,0.00061,913529,433,0.00047,871792,693,0.00079,711443,458,0.00064,1070802,547,0.00051,715575,453,0.00063,292488,355,0.00121,906891,688,0.00076,625980,598,0.00096,70010,32,0.00046,493026,257,0.00052,856687,680,0.00079,928117,591,0.00064,1186442,646,0.00054,727269,503,0.00069,1351060,1259,0.00093,606218,814,0.00134,39091290,48646,0.00124,938576,599,0.00064,1991544,1753,0.00088,743857,639,0.00086,1311193,1140,0.00087,900659,817,0.00091,761970,664,0.00087
2017 Q4,745943,1862,0.0025,982593,1548,0.00158,427446,270,0.00063,1470813,1570,0.00107,886035,1711,0.00193,1021000,925,0.00091,18236,61,0.00335,400464,504,0.00126,650654,545,0.00084,367802,233,0.00063,1063478,716,0.00067,888307,661,0.00074,632490,664,0.00105,409040,200,0.00049,589425,594,0.00101,1435515,1136,0.00079,1033146,891,0.00086,3578972,7290,0.00204,1493874,1319,0.00088,1575378,1694,0.00108,255323,134,0.00052,1049751,1344,0.00128,90180,97,0.00108,1197913,1256,0.00105,1155275,996,0.00086,942964,624,0.00066,903419,474,0.00052,866968,722,0.00083,705228,483,0.00068,1060999,575,0.00054,711817,483,0.00068,290207,374,0.00129,900765,728,0.00081,621772,642,0.00103,69453,28,0.0004,489310,276,0.00056,851611,756,0.00089,920492,614,0.00067,1177552,691,0.00059,721463,531,0.00074,1341996,1383,0.00103,602259,817,0.00136,38766336,51182,0.00132,928104,644,0.00069,1982984,1798,0.00091,739034,676,0.00091,1253147,1202,0.00096,893814,799,0.00089,751990,675,0.0009
2018 Q1,747604,1918,0.00257,985472,1596,0.00162,429494,319,0.00074,1488745,1706,0.00115,883682,1789,0.00202,1023871,990,0.00097,18178,66,0.00363,400373,540,0.00135,655987,549,0.00084,368780,245,0.00066,1065837,736,0.00069,891279,718,0.00081,633945,715,0.00113,412393,210,0.00051,590386,619,0.00105,1437231,1187,0.00083,1040177,967,0.00093,3576215,7646,0.00214,1496819,1409,0.00094,1582187,1997,0.00126,255709,145,0.00057,1050980,1452,0.00138,90045,102,0.00113,1197934,1372,0.00115,1157731,1054,0.00091,946163,675,0.00071,907443,509,0.00056,868657,765,0.00088,705518,536,0.00076,1062996,620,0.00058,715345,534,0.00075,290766,381,0.00131,902874,769,0.00085,625042,739,0.00118,69565,32,0.00046,490612,436,0.00089,852396,829,0.00097,924376,634,0.00069,1179347,718,0.00061,721458,574,0.0008,1349962,1506,0.00112,602971,833,0.00138,38904415,55243,0.00142,928139,887,0.00096,1983583,1981,0.001,740790,727,0.00098,1252133,1249,0.001,897842,907,0.00101,754480,738,0.00098
2018 Q2,751589,1992,0.00265,998633,1757,0.00176,430710,347,0.00081,1515070,1852,0.00122,884059,1827,0.00207,1034060,1050,0.00102,18261,66,0.00361,404418,556,0.00137,663496,565,0.00085,372477,264,0.00071,1076648,764,0.00071,901607,792,0.00088,638789,753,0.00118,416126,213,0.00051,594725,642,0.00108,1447676,1268,0.00088,1044075,1030,0.00099,3592303,8162,0.00227,1507691,1441,0.00096,1594009,2091,0.00131,258909,155,0.0006,1055662,1569,0.00149,91109,111,0.00122,1208138,1444,0.0012,1168925,1095,0.00094,967244,724,0.00075,916660,530,0.00058,874740,798,0.00091,713558,569,0.0008,1074194,663,0.00062,722949,578,0.0008,293995,382,0.0013,912241,785,0.00086,628823,899,0.00143,70458,35,0.0005,496786,528,0.00106,860965,893,0.00104,932334,651,0.0007,1192445,757,0.00063,729165,614,0.00084,1360742,1614,0.00119,607532,821,0.00135,39171883,58467,0.00149,929049,869,0.00094,1986266,2196,0.00111,746323,785,0.00105,1246969,1338,0.00107,905903,950,0.00105,760332,754,0.00099
2018 Q3,743618,945,0.00127,999303,1870,0.00187,434783,360,0.00083,1523759,2119,0.00139,871678,1905,0.00219,1042632,1117,0.00107,18240,70,0.00384,408251,600,0.00147,666158,579,0.00087,374472,277,0.00074,1084345,812,0.00075,904789,856,0.00095,642414,793,0.00123,418949,236,0.00056,597791,696,0.00116,1455708,1332,0.00092,1074567,2184,0.00203,3591636,8688,0.00242,1520022,1512,0.00099,1600604,2228,0.00139,260534,170,0.00065,1059290,1706,0.00161,91709,123,0.00134,1216006,1565,0.00129,1177939,1141,0.00097,967750,762,0.00079,922886,564,0.00061,882772,818,0.00093,718202,615,0.00086,1081772,705,0.00065,728389,636,0.00087,296475,390,0.00132,919257,828,0.0009,633973,1032,0.00163,71058,41,0.00058,501050,553,0.0011,867686,986,0.00114,939500,695,0.00074,1200946,837,0.0007,733729,641,0.00087,1363868,1767,0.0013,611597,839,0.00137,39552045,62633,0.00158,938944,892,0.00095,1994627,2624,0.00132,751484,845,0.00112,1345372,1467,0.00109,916057,1016,0.00111,766635,744,0.00097
2018 Q4,740224,848,0.00115,991206,1948,0.00197,433183,382,0.00088,1515277,2398,0.00158,866391,2035,0.00235,1038905,1180,0.00114,17948,68,0.00379,406126,629,0.00155,661726,595,0.0009,371950,285,0.00077,1079696,875,0.00081,900478,921,0.00102,639719,850,0.00133,416578,258,0.00062,592460,747,0.00126,1448798,1393,0.00096,1078542,2416,0.00224,3570711,9477,0.00265,1518601,1569,0.00103,1593387,2369,0.00149,258834,180,0.0007,1055956,1840,0.00174,91133,132,0.00145,1211033,1674,0.00138,1174434,1175,0.001,961941,788,0.00082,916777,600,0.00065,881676,833,0.00094,712881,652,0.00091,1072933,762,0.00071,724734,672,0.00093,295103,400,0.00136,915616,890,0.00097,628446,1120,0.00178,70439,42,0.0006,498665,584,0.00117,865251,1071,0.00124,935442,725,0.00078,1195335,888,0.00074,729607,686,0.00094,1361233,1931,0.00142,609387,860,0.00141,39364376,67075,0.0017,928235,921,0.00099,1978014,2981,0.00151,749672,916,0.00122,1344192,1678,0.00125,917229,1070,0.00117,761660,763,0.001
2019 Q1,744755,853,0.00115,997349,2051,0.00206,443392,410,0.00092,1527550,2632,0.00172,871838,2218,0.00254,1044914,1225,0.00117,17949,77,0.00429,407854,681,0.00167,663163,597,0.0009,373022,312,0.00084,1088769,977,0.0009,908477,975,0.00107,642112,896,0.0014,421389,275,0.00065,594273,820,0.00138,1456407,1493,0.00103,1123566,2480,0.00221,3577120,10425,0.00291,1530323,1630,0.00107,1604333,2519,0.00157,259819,198,0.00076,1059736,2021,0.00191,91590,148,0.00162,1216474,1772,0.00146,1182691,1257,0.00106,970943,803,0.00083,924682,634,0.00069,885765,883,0.001,715699,699,0.00098,1079211,793,0.00073,729690,737,0.00101,296757,397,0.00134,921079,941,0.00102,630875,1217,0.00193,70910,46,0.00065,501867,618,0.00123,868068,1165,0.00134,943695,792,0.00084,1202749,964,0.0008,732896,714,0.00097,1370785,2110,0.00154,614126,870,0.00142,39594629,72729,0.00184,906723,838,0.00092,1953175,3573,0.00183,753216,995,0.00132,1356320,2078,0.00153,921065,1216,0.00132,764828,767,0.001
2019 Q2,748157,717,0.00096,1009396,2242,0.00222,448280,458,0.00102,1540687,2969,0.00193,876625,2404,0.00274,1054197,1287,0.00122,18026,81,0.00449,413067,729,0.00176,668906,603,0.0009,376817,347,0.00092,1099250,1067,0.00097,917231,1064,0.00116,648735,963,0.00148,425783,294,0.00069,599453,942,0.00157,1468382,1604,0.00109,1141112,2746,0.00241,3589281,11234,0.00313,1539821,1746,0.00113,1616947,2763,0.00171,262643,216,0.00082,1065235,2191,0.00206,92636,152,0.00164,1227186,1924,0.00157,1192536,1321,0.00111,990218,871,0.00088,934335,698,0.00075,891786,909,0.00102,723759,734,0.00101,1091493,881,0.00081,738113,895,0.00121,300679,425,0.00141,930819,1025,0.0011,636324,1375,0.00216,71701,50,0.0007,507917,642,0.00126,876670,1276,0.00146,952875,974,0.00102,1212707,1022,0.00084,739936,796,0.00108,1381271,2316,0.00168,619171,875,0.00141,39904349,79184,0.00198,913528,1274,0.00139,1950040,4079,0.00209,760024,1077,0.00142,1372278,2262,0.00165,925107,1315,0.00142,770482,794,0.00103
2019 Q3,753182,821,0.00109,1010468,2918,0.00289,453003,544,0.0012,1534438,3556,0.00232,881997,2836,0.00322,1059850,1451,0.00137,18087,92,0.00509,416197,809,0.00194,674023,663,0.00098,378771,389,0.00103,1104584,1242,0.00112,922833,1247,0.00135,652084,1135,0.00174,428464,333,0.00078,602536,1096,0.00182,1473247,1893,0.00128,1152358,2976,0.00258,3583868,13062,0.00364,1550901,2010,0.0013,1619391,3322,0.00205,264416,259,0.00098,1068797,2635,0.00247,93023,168,0.00181,1233922,2201,0.00178,1201821,1498,0.00125,990871,1010,0.00102,940317,816,0.00087,898082,987,0.0011,728529,842,0.00116,1097990,1008,0.00092,742419,1016,0.00137,303166,444,0.00146,936567,1213,0.0013,643037,1651,0.00257,72226,58,0.0008,511022,697,0.00136,882701,1501,0.0017,960254,1190,0.00124,1219115,1155,0.00095,745168,911,0.00122,1379624,2749,0.00199,623440,992,0.00159,40093234,92315,0.0023,918516,1415,0.00154,1951247,5270,0.0027,764376,1266,0.00166,1384426,2617,0.00189,930853,1606,0.00173,774551,880,0.00114
2019 Q4,750908,912,0.00121,1001956,4386,0.00438,453792,629,0.00139,1518585,4154,0.00274,878882,3162,0.0036,1055749,1608,0.00152,18232,99,0.00543,413631,865,0.00209,669160,714,0.00107,376389,432,0.00115,1097666,1484,0.00135,915037,1417,0.00155,648028,1252,0.00193,423194,358,0.00085,598167,1203,0.00201,1465670,2067,0.00141,1151688,3498,0.00304,3561107,14582,0.00409,1544576,2227,0.00144,1617704,3831,0.00237,262040,301,0.00115,1062713,3064,0.00288,92399,180,0.00195,1226984,2385,0.00194,1194508,1645,0.00138,982808,1114,0.00113,929203,873,0.00094,896512,1090,0.00122,722598,950,0.00131,1090189,1111,0.00102,737213,1148,0.00156,301102,481,0.0016,930333,1313,0.00141,638294,1892,0.00296,71861,64,0.00089,507279,746,0.00147,877626,1652,0.00188,952969,1329,0.00139,1209879,1220,0.00101,739571,996,0.00135,1378838,3031,0.0022,620928,1021,0.00164,39890222,105960,0.00266,912297,1574,0.00173,1936692,6820,0.00352,760535,1384,0.00182,1379956,3398,0.00246,929266,2237,0.00241,769031,966,0.00126
2020 Q1,751728,979,0.0013,1002972,5506,0.00549,455922,723,0.00159,1523134,5544,0.00364,882497,3569,0.00404,1056529,1808,0.00171,17970,102,0.00568,412172,931,0.00226,670065,832,0.00124,376146,487,0.00129,1096854,1769,0.00161,908954,1666,0.00183,645942,1410,0.00218,423640,412,0.00097,597076,1352,0.00226,1466804,2408,0.00164,1159622,4911,0.00424,3547142,15953,0.0045,1546087,2543,0.00164,1606853,4412,0.00275,261207,351,0.00134,1062506,3672,0.00346,92041,208,0.00226,1226375,2711,0.00221,1196967,1813,0.00151,980668,1256,0.00128,929686,994,0.00107,899064,1164,0.00129,722003,1102,0.00153,1090447,1257,0.00115,737184,1359,0.00184,301988,566,0.00187,929078,1445,0.00156,638811,2125,0.00333,71862,76,0.00106,506248,841,0.00166,875078,1878,0.00215,954919,1891,0.00198,1209695,1372,0.00113,738563,1167,0.00158,1366755,3436,0.00251,623628,1135,0.00182,39532538,124925,0.00316,915008,1772,0.00194,1939594,8562,0.00441,760008,1529,0.00201,1386714,4770,0.00344,934726,3381,0.00362,768643,1268,0.00165
2020 Q2,744154,1041,0.0014,987298,6209,0.00629,446930,785,0.00176,1498310,6743,0.0045,875750,3758,0.00429,1046834,1930,0.00184,17836,106,0.00594,410138,960,0.00234,663369,868,0.00131,373375,505,0.00135,1087028,1930,0.00178,900253,1755,0.00195,641089,1470,0.00229,420447,452,0.00108,592025,1416,0.00239,1452587,2507,0.00173,1120606,5280,0.00471,3504797,17040,0.00486,1525942,2657,0.00174,1588310,4669,0.00294,259123,373,0.00144,1050441,4148,0.00395,91429,226,0.00247,1216273,2860,0.00235,1184550,1870,0.00158,968316,1369,0.00141,924392,1046,0.00113,889482,1222,0.00137,717068,1166,0.00163,1084550,1348,0.00124,731563,1454,0.00199,300266,567,0.00189,923326,1512,0.00164,634117,2200,0.00347,71459,80,0.00112,502922,870,0.00173,868029,2013,0.00232,949810,2036,0.00214,1200548,1434,0.00119,733867,1237,0.00169,1352633,3587,0.00265,619404,1153,0.00186,39556963,137398,0.00347,929536,1810,0.00195,1936402,10410,0.00538,753239,1610,0.00214,1373243,5454,0.00397,922046,4422,0.0048,762292,1400,0.00184
2020 Q3,754685,1237,0.00164,985161,8024,0.00814,450201,933,0.00207,1500232,9570,0.00638,878964,4514,0.00514,1061974,2280,0.00215,18174,153,0.00842,418099,1141,0.00273,673681,1042,0.00155,379132,595,0.00157,1101889,2298,0.00209,914855,2104,0.0023,651130,1742,0.00268,426090,557,0.00131,601004,1668,0.00278,1473270,3060,0.00208,1133483,8102,0.00715,3548814,21018,0.00592,1832918,11372,0.0062,1614246,5850,0.00362,264200,445,0.00168,1061199,5515,0.0052,93041,264,0.00284,1234926,3441,0.00279,1201651,2185,0.00182,980448,1664,0.0017,936396,1304,0.00139,904260,1440,0.00159,728009,1454,0.002,1100812,1656,0.0015,740143,1690,0.00228,304741,663,0.00218,936264,1765,0.00189,640235,2633,0.00411,72466,102,0.00141,511879,1081,0.00211,881170,2355,0.00267,962652,2435,0.00253,1216960,1683,0.00138,744760,1463,0.00196,1383301,4680,0.00338,628231,1323,0.00211,40055140,173990,0.00434,945807,2392,0.00253,1675348,5986,0.00357,763471,1919,0.00251,1386667,7373,0.00532,920380,6296,0.00684,772969,1560,0.00202
2020 Q4,752418,1575,0.00209,996591,13364,0.01341,448983,1117,0.00249,1512116,13182,0.00872,874834,5558,0.00635,1058374,2595,0.00245,18133,175,0.00965,417800,1301,0.00311,672198,1194,0.00178,378353,697,0.00184,1097484,2793,0.00254,918211,2594,0.00283,648891,1962,0.00302,421285,653,0.00155,599744,1879,0.00313,1468523,3575,0.00243,1115713,8486,0.00761,3534533,24671,0.00698,1814588,14566,0.00803,1602872,7192,0.00449,262782,503,0.00191,1056235,7008,0.00663,92616,297,0.00321,1232045,3968,0.00322,1199046,2533,0.00211,975829,2025,0.00208,930229,1510,0.00162,903659,1597,0.00177,724132,1655,0.00229,1095773,1969,0.0018,738439,1908,0.00258,303896,731,0.00241,931503,2033,0.00218,636399,3810,0.00599,72240,117,0.00162,510068,1272,0.00249,878069,2653,0.00302,958504,2620,0.00273,1211842,1933,0.0016,741370,1665,0.00225,1389398,5269,0.00379,626571,1465,0.00234,39800702,216379,0.00544,951300,3428,0.0036,1670274,7486,0.00448,761636,2237,0.00294,1381201,9230,0.00668,915213,9847,0.01076,767659,2263,0.00295
2021 Q1,752532,1848,0.00246,996537,15520,0.01557,448326,1192,0.00266,1508162,14681,0.00973,875565,6267,0.00716,1056697,2942,0.00278,18085,170,0.0094,418451,1429,0.00341,673159,1334,0.00198,378671,780,0.00206,1097498,3307,0.00301,916394,2848,0.00311,649212,2159,0.00333,421964,759,0.0018,599645,2067,0.00345,1464981,4038,0.00276,1065631,9674,0.00908,3516165,28051,0.00798,1803139,17040,0.00945,1599261,7972,0.00498,262639,557,0.00212,1052387,8023,0.00762,92565,332,0.00359,1230826,4365,0.00355,1197607,2863,0.00239,978890,2840,0.0029,930337,1764,0.0019,906236,1812,0.002,723241,1849,0.00256,1096650,2217,0.00202,744289,2119,0.00285,304440,807,0.00265,931432,2267,0.00243,629982,3597,0.00571,72216,130,0.0018,510337,1646,0.00323,877717,2968,0.00338,958819,2910,0.00303,1210561,2183,0.0018,740682,1867,0.00252,1385345,5728,0.00413,627409,1653,0.00263,39874571,249932,0.00627,955127,3833,0.00401,1668062,8760,0.00525,761622,2485,0.00326,1385300,10932,0.00789,967817,14644,0.01513,767191,2562,0.00334